focal_tic,focal_fyear,actual_mult,M0_implied,M0_ape,M0_signed,M1_implied,M1_ape,M1_signed,M2_implied,M2_ape,M2_signed,M3_implied,M3_ape,M3_signed,ff49_num,industry,m3_is_best,m1_is_best,m2_is_best,m0_is_best,role1_score,role2_score,role3_score,role4_score,role5_score,role6_score
AAPL,2024,9.145214975641565,3.620162976684723,60.41467602098925,-60.41467602098925,6.86288063040106,24.956595895444135,-24.956595895444135,1.123642550253782,87.71332819133696,-87.71332819133696,6.477432585490058,29.1713469531027,-29.1713469531027,37,Electronic Equipment,False,True,False,False,,,,,,
ABBV,2024,6.677142913693329,6.264651537306513,6.17766283751226,-6.17766283751226,2.164456583175017,67.58409081320994,-67.58409081320994,4.669188441806487,30.072060727784876,-30.072060727784876,2.7640860886356586,58.60376025549587,-58.60376025549587,13,Pharmaceutical Products,False,False,False,True,,,,,,
ABNB,2024,6.622809403711042,2.349404847867208,64.52555547573608,-64.52555547573608,2.0829326566626727,68.54910764160725,-68.54910764160725,3.00793065348784,54.58225550319524,-54.58225550319524,2.844464332600869,57.05048780345401,-57.05048780345401,44,"Restaurants, Hotels, Motels",False,False,True,False,,,,,,54.58225550319524
ADBE,2024,10.495007207626132,4.457124545610562,57.53100062311706,-57.53100062311706,7.908000854771768,24.64987685739303,-24.64987685739303,4.727666908545781,54.953180926731996,-54.953180926731996,8.191118177687407,21.952238663205666,-21.952238663205666,36,Computer Software,True,False,False,False,35.57876195991139,,,,,
AMAT,2024,5.36011333529585,2.0810306970156183,61.17562135650707,-61.17562135650707,3.586952739977694,33.08065491156796,-33.08065491156796,4.8422463487158005,9.661493221979901,-9.661493221979901,3.6696555866436036,31.537723979094594,-31.537723979094594,21,Machinery,False,False,True,False,,,13.757668467608157,,,
AMD,2024,7.488321892573201,3.620162976684723,51.6558846078032,-51.6558846078032,3.927059589912284,47.557548323248774,-47.557548323248774,4.862046939527996,35.07160870915422,-35.07160870915422,3.2822840393858295,56.16796277626438,-56.16796277626438,37,Electronic Equipment,False,False,True,False,,,,,,
AMGN,2024,5.649940641455241,6.357700734883451,12.526858923705692,12.526858923705692,2.1770782286269825,61.46723714842006,-61.46723714842006,4.656442366103115,17.5842250104814,-17.5842250104814,2.2844351256063264,59.56709511521646,-59.56709511521646,13,Pharmaceutical Products,False,False,False,True,,,,,,
AMT,2024,12.596650549016513,8.095491104793943,35.732986532471514,-35.732986532471514,3.549476745050542,71.82205911612219,-71.82205911612219,6.517332670331618,48.261383889541484,-48.261383889541484,4.267299800529514,66.1235359040528,-66.1235359040528,48,Trading,False,False,False,True,,,,,,
AMZN,2024,3.727434317879362,0.7957251464330118,78.6522020625243,-78.6522020625243,1.985774345607713,46.72543695585564,-46.72543695585564,1.7366685564284392,53.4084732734747,-53.4084732734747,1.985774345607713,46.72543695585564,-46.72543695585564,43,Retail,True,True,False,False,,,,,,
AVGO,2024,16.580257881878467,3.620162976684723,78.16582225393846,-78.16582225393846,4.352998534035426,73.74589367036883,-73.74589367036883,2.8515187490754337,82.80172257035866,-82.80172257035866,2.161155333514644,86.96549022993968,-86.96549022993968,37,Electronic Equipment,False,True,False,False,,,,,,73.74589367036883
AXP,2024,2.995061791620059,2.333556497911287,22.086532423458184,-22.086532423458184,1.135784107837953,62.07810766990567,-62.07810766990567,1.2871114015933054,57.025547680033206,-57.025547680033206,1.135784107837953,62.07810766990567,-62.07810766990567,45,Banking,False,False,False,True,,,,,,
BAC,2024,2.239029406965505,2.3487690145729574,4.901213323329222,4.901213323329222,4.466280860112886,99.47397056146369,99.47397056146369,1.8369948021427587,17.955753665942805,-17.955753665942805,4.298741318238242,91.99128447643785,91.99128447643785,45,Banking,False,False,False,True,,,,,,
BBY,2024,0.4851137545752264,0.8072018596950613,66.39434608525183,66.39434608525183,0.9509443960913981,96.02503271094854,96.02503271094854,0.9124746310562392,88.09498235217367,88.09498235217367,0.962630031065121,98.43387700025447,98.43387700025447,43,Retail,False,False,False,True,,,,,,66.39434608525183
BIIB,2024,2.752967269194597,6.357700734883451,130.93993183375,130.93993183375,3.6703469130143636,33.323303697982325,33.323303697982325,5.3518507129236355,94.40299101301565,94.40299101301565,4.036364111687078,46.61867421576534,46.61867421576534,13,Pharmaceutical Products,False,True,False,False,,,,,,
BLK,2024,7.8614075699514885,8.15080439920685,3.68123426600495,3.68123426600495,1.3693399766839809,82.58149110703809,-82.58149110703809,6.506073930046579,17.24034312996792,-17.24034312996792,1.9353856516720178,75.38118162109282,-75.38118162109282,48,Trading,False,False,False,True,,,,,,
BMY,2024,3.211205797101449,6.357700734883451,97.98484234869478,97.98484234869478,1.890544741180646,41.12664025186052,-41.12664025186052,4.159514520373252,29.531234781893478,29.531234781893478,2.1470587245811,33.138551053965045,-33.138551053965045,13,Pharmaceutical Products,False,False,True,False,,,,,,
C,2024,1.140115314090587,2.3487690145729574,106.01153107450827,106.01153107450827,4.014918150333639,252.15018171527132,252.15018171527132,2.549830350557342,123.64670652557754,123.64670652557754,3.6537977189884754,220.4761548092113,220.4761548092113,45,Banking,False,False,False,True,,,,,,106.01153107450827
CAT,2024,3.151207584131834,2.0810306970156183,33.960850199307075,-33.960850199307075,4.139718884875062,31.369285404140268,31.369285404140268,1.0422378875375198,66.92576227647474,-66.92576227647474,2.263304781015655,28.17658879685638,-28.17658879685638,21,Machinery,True,False,False,False,,,,,,
CI,2024,0.4070563117833378,1.1358374042184716,179.03692224849695,179.03692224849695,3.07427035739756,655.2444879011947,655.2444879011947,0.7040631099741499,72.96454804732242,72.96454804732242,1.5460914909215446,279.8225076397971,279.8225076397971,46,Insurance,False,False,True,False,,,,,,72.96454804732242
CL,2024,4.03597797373265,1.4348106384795118,64.44949284119765,-64.44949284119765,2.9572602634648315,26.72754205519543,-26.72754205519543,2.815847083323561,30.231356522509913,-30.231356522509913,3.144926124179957,22.077718346133814,-22.077718346133814,9,Consumer Goods,True,False,False,False,42.37177449506384,,,,,
CMCSA,2024,1.9415029974703186,2.1280191178102457,9.606790233285667,9.606790233285667,2.47664216074657,27.563138659765695,27.563138659765695,2.424751510581095,24.89043353218743,24.89043353218743,2.47664216074657,27.563138659765695,27.563138659765695,32,Communication,False,False,False,True,,,,,,
CMG,2024,7.5173672753216785,2.349404847867208,68.74697268577086,-68.74697268577086,2.7820555163630134,62.99162440158991,-62.99162440158991,2.4056633309194195,67.99859255491175,-67.99859255491175,2.7820555163630134,62.99162440158991,-62.99162440158991,44,"Restaurants, Hotels, Motels",True,True,False,False,,,,,,62.99162440158991
COF,2024,1.2464177448346152,2.3487690145729574,88.44155776076592,88.44155776076592,2.119604855019923,70.05573482918999,70.05573482918999,2.262027844626987,81.4823203537696,81.4823203537696,2.433656014440891,95.25203524471712,95.25203524471712,45,Banking,False,True,False,False,,,,,,70.05573482918999
COP,2024,2.6625578662891587,1.8594850968094665,30.161702010215652,-30.161702010215652,2.687231647343928,0.9266946407875603,0.9266946407875603,2.1356485779165153,19.789590117228276,-19.789590117228276,2.31461584849556,13.067960783084503,-13.067960783084503,30,Petroleum and Natural Gas,False,True,False,False,,28.308312728640534,,,,
COST,2024,1.5493697456111737,0.7957251464330118,48.642010812007605,-48.642010812007605,1.0323880085611705,33.36722809480648,-33.36722809480648,0.7522526697956669,51.44782761335457,-51.44782761335457,0.903916927388759,41.65905653255192,-41.65905653255192,43,Retail,False,True,False,False,,,,,,
CRM,2024,8.622599287504947,4.457124545610562,48.3088057673119,-48.3088057673119,4.420329491246816,48.73553387025258,-48.73553387025258,3.7459580725415464,56.55650984535681,-56.55650984535681,4.333832975178729,49.738671244309025,-49.738671244309025,36,Computer Software,False,False,False,True,,,,,,
CRWD,2024,24.06264279051321,4.457124545610562,81.47699492356757,-81.47699492356757,6.338216233149571,73.65951741739508,-73.65951741739508,5.5713253367623725,76.84657755481918,-76.84657755481918,6.858818417875608,71.49598870918815,-71.49598870918815,36,Computer Software,True,False,False,False,,,,,,71.49598870918815
CSCO,2024,3.861348809545937,2.5407104103602576,34.201478921583764,-34.201478921583764,3.469581507052605,10.145866685879657,-10.145866685879657,1.6834982996445162,56.40128922094242,-56.40128922094242,2.3970866224564706,37.92100271981519,-37.92100271981519,35,Computers,False,True,False,False,,13.90974554982445,,,,
CSX,2024,5.459156210453921,1.4781512593618822,72.92344819642052,-72.92344819642052,4.600832358552726,15.722646848931749,-15.722646848931749,1.6757027468140393,69.30472984808202,-69.30472984808202,4.600832358552726,15.722646848931749,-15.722646848931749,41,Transportation,True,True,False,False,57.20080134748878,,,,,
CVS,2024,0.34439458274880697,1.351898313096135,292.5434315214467,292.5434315214467,0.5451607207484173,58.295382115822726,58.295382115822726,0.6844133461868114,98.72941691594662,98.72941691594662,0.5235686404456558,52.025806058492506,52.025806058492506,11,Healthcare,True,False,False,False,,,,,,52.025806058492506
CVX,2024,1.4413056866617722,1.877999575222661,30.298492027206358,30.298492027206358,1.4478078091169282,0.45112723243434066,0.45112723243434066,1.60394560096011,11.284206799671376,11.284206799671376,1.4478078091169282,0.45112723243434066,0.45112723243434066,30,Petroleum and Natural Gas,True,True,False,False,,29.396237562337674,,,,
DDOG,2024,17.33745793929459,4.457124545610562,74.29193736926864,-74.29193736926864,6.962834764060186,59.839355986097445,-59.839355986097445,7.877099077031183,54.56600901578494,-54.56600901578494,5.707725618835461,67.07864763784575,-67.07864763784575,36,Computer Software,False,False,True,False,,,,,,54.56600901578494
DE,2024,3.2500496889215817,2.0810306970156183,35.96926520510714,-35.96926520510714,3.9265295923850814,20.81444803042277,20.81444803042277,0.7857803219652211,75.82251358667826,-75.82251358667826,2.434305717602167,25.099430759475293,-25.099430759475293,21,Machinery,False,True,False,False,,,,,,
DG,2024,0.7918701478379412,0.8072018596950613,1.9361396434731881,1.9361396434731881,0.9434375603459987,19.14043772478165,19.14043772478165,0.903916927388759,14.149640551135981,14.149640551135981,0.9434375603459987,19.14043772478165,19.14043772478165,43,Retail,False,False,False,True,,,,,,
DIS,2024,2.3840728538435436,2.128010524993451,10.74054127319453,-10.74054127319453,2.862321002669641,20.06013147018882,20.06013147018882,1.359448039301067,42.977915414396904,-42.977915414396904,2.572367552116338,7.898026185283312,7.898026185283312,32,Communication,True,False,False,False,,,,,14.25945872680547,
DLTR,2024,1.2714435987143384,0.7957251464330118,37.415615821446174,-37.415615821446174,0.651692581910256,48.74388588143145,-48.74388588143145,1.1170237214612764,12.145240056987879,-12.145240056987879,0.6322041482790345,50.27666591594717,-50.27666591594717,43,Retail,False,False,True,False,,,24.453405767455692,,,
DOCU,2024,6.297336854188425,4.457124545610562,29.222071983554738,-29.222071983554738,3.244532833275888,48.47769924967703,-48.47769924967703,8.288134952543123,31.613333452705433,31.613333452705433,4.136187566981977,34.31846409437419,-34.31846409437419,36,Computer Software,False,False,False,True,,,,,,
DUK,2024,5.547026280301286,4.687277252299122,15.499278073646819,-15.499278073646819,4.105922418028737,25.979755448252106,-25.979755448252106,4.9410622057669045,10.924124817765756,-10.924124817765756,4.775201653973202,13.914205329601623,-13.914205329601623,31,Utilities,False,False,True,False,,,4.131505812720594,,9.500721926353181,
EL,2024,2.857038221538856,1.4348106384795118,49.779788465458644,-49.779788465458644,1.3099212109247764,54.15107851727557,-54.15107851727557,1.4818576174466984,48.133083895232545,-48.133083895232545,1.8692339166094538,34.57441687277644,-34.57441687277644,9,Consumer Goods,True,False,False,False,,,,,,
EOG,2024,2.8412636426087694,1.8594850968094665,34.554292360488624,-34.554292360488624,3.364326858520183,18.40952765056155,18.40952765056155,4.728340643183469,66.41682145490864,66.41682145490864,4.728340643183469,66.41682145490864,66.41682145490864,30,Petroleum and Natural Gas,False,True,False,False,,,,,,
F,2024,0.8743735161520498,0.9311827808805183,6.497139229293582,6.497139229293582,3.061858522827573,250.1774088838172,250.1774088838172,0.7263322895529781,16.93111969476989,-16.93111969476989,2.434305717602167,178.40570106870115,178.40570106870115,23,Automobiles and Trucks,False,False,False,True,,,,,,
FDX,2024,0.9520894206491823,1.5337119128861914,61.08906155478858,61.08906155478858,1.7543927642780905,84.26764610847766,84.26764610847766,1.130575474791343,18.74677422846059,18.74677422846059,1.7543927642780905,84.26764610847766,84.26764610847766,41,Transportation,False,False,True,False,,,46.774097651556474,,,
GD,2024,1.6810116122474643,4.552690135073525,170.83037986791234,170.83037986791234,2.7714893868664348,64.87032966780241,64.87032966780241,2.4867531296974805,47.93194238395313,47.93194238395313,2.213343683251473,31.667364289785944,31.667364289785944,24,Aircraft,True,False,False,False,,,,,,
GILD,2024,4.550567573207206,6.357700734883451,39.71225858322089,39.71225858322089,6.920706698493361,52.08447269832976,52.08447269832976,3.343278898317831,26.530507578826857,-26.530507578826857,4.5868493379379895,0.7973019661196297,0.7973019661196297,13,Pharmaceutical Products,True,False,False,False,,,,38.914956617101254,,
GIS,2024,2.2764937957365574,1.6454334889000615,27.720712791677826,-27.720712791677826,3.4428338270189864,51.23405271153224,51.23405271153224,2.170259593961421,4.66657110922476,-4.66657110922476,2.3827302945053397,4.666672009725796,4.666672009725796,2,Food Products,False,False,True,False,,,41.90091049308272,,,
GM,2024,0.8241055899958387,0.9311827808805183,12.993139736525785,12.993139736525785,2.0388088863125193,147.39656071533435,147.39656071533435,0.7402271158795148,10.178122213289127,-10.178122213289127,1.4546602642880515,76.51382079514796,76.51382079514796,23,Automobiles and Trucks,False,False,True,False,,,127.04031628875609,,,
GOOGL,2024,6.417733659411803,4.457124545610562,30.5498672561138,-30.5498672561138,3.6768764916373393,42.70755555202751,-42.70755555202751,3.8693254019345638,39.70885039362642,-39.70885039362642,6.1908657934249245,3.535015287743665,-3.535015287743665,36,Computer Software,True,False,False,False,,,,27.014851968370134,,
GS,2024,4.184331454518222,8.15080439920685,94.79346910736834,94.79346910736834,3.798989282608026,9.209169400146482,-9.209169400146482,1.8330327928353995,56.19293517352458,-56.19293517352458,3.3190984092575113,20.677927995556765,-20.677927995556765,48,Trading,False,True,False,False,,76.37513030707538,,,,
HAL,2024,1.296849721059972,1.877999575222661,44.81242851235606,44.81242851235606,1.9063038048709677,46.99496587105421,46.99496587105421,0.9055557933719851,30.172650025182975,-30.172650025182975,1.8249041306435025,40.71824213771881,40.71824213771881,30,Petroleum and Natural Gas,False,False,True,False,,,,,,
HD,2024,2.9431342703461763,0.7957251464330118,72.96334202450718,-72.96334202450718,2.707702273273782,7.999363109067473,-7.999363109067473,1.0681420934318986,63.707327110622714,-63.707327110622714,2.4876709293665322,15.475452328787965,-15.475452328787965,43,Retail,False,True,False,False,,56.96461580637224,,,,
HON,2024,4.365300067535975,0.906759025757708,79.2280252965626,-79.2280252965626,3.5530340032087664,18.607336305879617,-18.607336305879617,2.670830452332631,38.81679584422704,-38.81679584422704,4.051584704051543,7.18657042198501,-7.18657042198501,49,Almost Nothing,True,False,False,False,72.0414548745776,,,72.0414548745776,,
HUM,2024,0.19035233922945624,1.1358374042184716,496.7026246256423,496.7026246256423,0.4347608897107827,128.39797581195432,128.39797581195432,0.9948025888954023,422.6111709067249,422.6111709067249,0.3978134169670596,108.98793184123873,108.98793184123873,46,Insurance,True,False,False,False,,,,,,108.98793184123873
IBM,2024,3.939530073462623,4.516052282565021,14.634288820028427,14.634288820028427,2.91402223600748,26.031222463896057,-26.031222463896057,0.9442234560233042,76.03207899379265,-76.03207899379265,2.1790717952874403,44.68701203816018,-44.68701203816018,36,Computer Software,False,False,False,True,,,,,,
JNJ,2024,4.055359201540176,6.357700734883451,56.77281392160957,56.77281392160957,4.619228355576486,13.904296167455641,13.904296167455641,3.5263381039379453,13.044987418162975,-13.044987418162975,4.632338669900768,14.227579844011402,14.227579844011402,13,Pharmaceutical Products,False,False,True,False,,,,,,
KMB,2024,2.5002961890517494,1.126252374920836,54.95524170886438,-54.95524170886438,2.9572602634648315,18.2763976689653,18.2763976689653,1.868076553741458,25.285789662786474,-25.285789662786474,2.815847083323561,12.620540544497894,12.620540544497894,39,Business Supplies,True,False,False,False,42.334701164366486,,,42.334701164366486,,
KO,2024,6.353594696245299,3.3587244059619397,47.136627900630785,-47.136627900630785,4.092545930586724,35.58692163657776,-35.58692163657776,2.6489135265022337,58.30842769892723,-58.30842769892723,3.9250497389196455,38.22316457738198,-38.22316457738198,3,Candy & Soda,False,True,False,False,,,,,,
KR,2024,0.41117568293196843,0.8072018596950613,96.31556368780151,96.31556368780151,0.7592074311617971,84.64307659152419,84.64307659152419,1.0280751696950947,150.03306673298485,150.03306673298485,0.7592074311617971,84.64307659152419,84.64307659152419,43,Retail,True,True,False,False,,,,,,84.64307659152419
LLY,2024,16.079563081254012,6.264651537306513,61.039665657271414,-61.039665657271414,4.735706039631785,70.54829154435919,-70.54829154435919,3.135299098028405,80.50134147187357,-80.50134147187357,3.5553423794103427,77.88906103079842,-77.88906103079842,13,Pharmaceutical Products,False,False,False,True,,,,,,61.039665657271414
LMT,2024,1.867108089466943,4.8014329026540405,157.15880777019416,157.15880777019416,1.388204790797768,25.649468360768623,-25.649468360768623,2.4123478941579664,29.202369577151195,29.202369577151195,1.6701353596732469,10.54961578844273,-10.54961578844273,26,Defense,True,False,False,False,146.60919198175142,,,146.60919198175142,,
LRCX,2024,9.275515739746693,2.0810306970156183,77.56425890047113,-77.56425890047113,2.293983231810918,75.26840235976393,-75.26840235976393,3.2830407435711653,64.6053024361444,-64.6053024361444,2.3865101325281404,74.27086321139362,-74.27086321139362,21,Machinery,False,False,True,False,,,,,,64.6053024361444
LULU,2024,4.7058808518145705,1.2836574302270187,72.72227090636932,-72.72227090636932,1.8673499944104297,60.31879996089603,-60.31879996089603,0.822023008991332,82.53200548682904,-82.53200548682904,1.4818576174466984,68.5105155844458,-68.5105155844458,10,Apparel,False,True,False,False,,,,,,60.31879996089603
MA,2024,17.428195405971532,2.6939912870183136,84.54233944327217,-84.54233944327217,8.4325263921544,51.615607951784206,-51.615607951784206,2.830553072324065,83.7587713105729,-83.7587713105729,7.516408918564743,56.87213309537861,-56.87213309537861,34,Business Services,False,True,False,False,,,,,,51.615607951784206
MDLZ,2024,2.630496588183639,1.6454334889000615,37.44779992145,-37.44779992145,3.4428338270189864,30.881516535106673,30.881516535106673,2.131319654288639,18.976528467565227,-18.976528467565227,2.472722770036576,5.997871993288011,-5.997871993288011,2,Food Products,True,False,False,False,,,,31.449927928161987,,
META,2024,8.846653454994193,4.457124545610562,49.6179592849951,-49.6179592849951,3.8571587372444074,56.3997984450614,-56.3997984450614,3.0046492102632003,66.03631841635,-66.03631841635,3.8571587372444074,56.3997984450614,-56.3997984450614,36,Computer Software,False,False,False,True,,,,,,
MMM,2024,3.1981033559035126,0.906759025757708,71.64697557119648,-71.64697557119648,2.263637294854599,29.219382773353576,-29.219382773353576,2.8960226033061005,9.445621950891256,-9.445621950891256,2.263637294854599,29.219382773353576,-29.219382773353576,49,Almost Nothing,False,False,True,False,,,10.328138871571065,,,
MPC,2024,0.501425855513308,1.877999575222661,274.53185841407384,274.53185841407384,0.3553524435428024,29.13160746786197,-29.13160746786197,0.8346184008478515,66.44901567619712,66.44901567619712,0.34374899437080436,31.445698184249064,-31.445698184249064,30,Petroleum and Natural Gas,False,True,False,False,,,,,,
MRK,2024,4.3004975807255965,6.357700734883451,47.83639835953019,47.83639835953019,4.786820358336846,11.30852345530666,11.30852345530666,4.3954638927347,2.2082633515417593,2.2082633515417593,4.515020638431086,4.988331086778426,4.988331086778426,13,Pharmaceutical Products,False,False,True,False,,,,,,
MRNA,2024,3.019431396786155,6.357700734883451,110.55953586660416,110.55953586660416,7.053206264143943,133.59385716301708,133.59385716301708,3.5633954956541483,18.015448188257626,18.015448188257626,7.053206264143943,133.59385716301708,133.59385716301708,13,Pharmaceutical Products,False,False,True,False,,,97.56296078650183,,,
MS,2024,4.264878975439251,8.15080439920685,91.11455321818077,91.11455321818077,4.646246801032645,8.942055045163773,8.942055045163773,2.609735351167117,38.80868915164624,-38.80868915164624,2.8086811288419913,34.14394300479023,-34.14394300479023,48,Trading,False,True,False,False,,73.23044312785323,,,,
MSFT,2024,13.646001990845372,4.457124545610562,67.33750626300147,-67.33750626300147,5.473567801293858,59.88885385649302,-59.88885385649302,3.719086416364651,72.745963111689,-72.745963111689,4.902785236058746,64.071636224677,-64.071636224677,36,Computer Software,False,True,False,False,,,,,,59.88885385649302
MU,2024,4.488158974154753,3.620162976684723,19.339689223764584,-19.339689223764584,4.064767353955062,9.433525475318685,-9.433525475318685,4.768203702860391,6.239634788301557,6.239634788301557,3.0958133431775128,31.022645120084185,-31.022645120084185,37,Electronic Equipment,False,False,True,False,,,,,,
NEE,2024,9.217199127378498,4.687277252299122,49.14640350585276,-49.14640350585276,4.815693939407642,47.753174550572034,-47.753174550572034,4.597470859363497,50.12073846047977,-50.12073846047977,5.331338710034594,42.158798607284695,-42.158798607284695,31,Utilities,True,False,False,False,,,,,,
NET,2024,22.003135672300264,4.457124545610562,79.74323018322505,-79.74323018322505,3.4673503959958967,84.24156244075274,-84.24156244075274,2.4443703945119717,88.89080887871273,-88.89080887871273,2.953293904545965,86.57784986408157,-86.57784986408157,36,Computer Software,False,False,False,True,,,,,,79.74323018322505
NFLX,2024,9.991473858365458,2.2875193388608075,77.10528625418401,-77.10528625418401,6.426687761535125,35.67828077582049,-35.67828077582049,1.3263145420578142,86.72553658390105,-86.72553658390105,4.895882693277126,50.99939445692488,-50.99939445692488,7,Entertainment,False,True,False,False,,,,,,
NKE,2024,1.9714923664946342,1.2836574302270187,34.889048923410456,-34.889048923410456,1.416198760267669,28.16615553091346,-28.16615553091346,1.3546679429716648,31.287182948605558,-31.287182948605558,1.60856961324279,18.408529468320005,-18.408529468320005,10,Apparel,True,False,False,False,,,,,,
NOC,2024,2.0000371427875128,3.66149621863354,83.07141104041702,83.07141104041702,1.8176060549879653,9.12138499314506,-9.12138499314506,2.526960799811809,26.34569357496565,26.34569357496565,2.1324265758251704,6.619348721351365,6.619348721351365,37,Electronic Equipment,True,False,False,False,76.45206231906565,,,76.45206231906565,,
NOW,2024,19.611343630735615,4.457124545610562,77.27272220846106,-77.27272220846106,7.792689533664883,60.26437718702814,-60.26437718702814,5.524085370388218,71.83219327343451,-71.83219327343451,7.792689533664883,60.26437718702814,-60.26437718702814,36,Computer Software,True,True,False,False,,,,,,60.26437718702814
NSC,2024,5.731958978800627,1.4781512593618822,74.21211029547223,-74.21211029547223,5.575190717020007,2.7349857589773356,-2.7349857589773356,0.8875240089618839,84.51621841251222,-84.51621841251222,5.575190717020007,2.7349857589773356,-2.7349857589773356,41,Transportation,True,True,False,False,71.4771245364949,68.74213877751757,,,,
NVDA,2024,22.268813765833695,3.620162976684723,83.74335061242006,-83.74335061242006,5.736158989824753,74.24129075691694,-74.24129075691694,5.194416360343035,76.67403205682804,-76.67403205682804,5.018652102991492,77.46331638602392,-77.46331638602392,37,Electronic Equipment,False,True,False,False,,,,,,74.24129075691694
ORCL,2024,9.798336382166934,4.457124545610562,54.51141528757299,-54.51141528757299,3.8369879759870464,60.84041385871992,-60.84041385871992,3.2228065223333218,67.10863562309555,-67.10863562309555,2.9476003097856944,69.91733907859752,-69.91733907859752,36,Computer Software,False,False,False,True,,,,,,54.51141528757299
OXY,2024,2.6690443322731525,1.8594850968094665,30.331427083273898,-30.331427083273898,3.41546966888033,27.966014935820393,27.966014935820393,2.711122966833823,1.5765431114002166,1.5765431114002166,2.711122966833823,1.5765431114002166,1.5765431114002166,30,Petroleum and Natural Gas,True,False,True,False,,,24.81292871301996,,,
PANW,2024,13.0040016194332,4.457124545610562,65.72497700284944,-65.72497700284944,2.623718496800275,79.82376061166137,-79.82376061166137,4.3631326691560925,66.44776894955304,-66.44776894955304,5.877304790086431,54.80387528325606,-54.80387528325606,36,Computer Software,True,False,False,False,,,,,,54.80387528325606
PEP,2024,2.6902619374224312,1.6832417620058915,37.432049326073304,-37.432049326073304,2.9572602634648315,9.924621923551957,9.924621923551957,3.3044482197245664,22.829980744945363,22.829980744945363,2.9572602634648315,9.924621923551957,9.924621923551957,4,Beer & Liquor,True,True,False,False,,17.58280547896939,,,,
PFE,2024,3.131944603538246,6.357700734883451,102.99531248735939,102.99531248735939,3.1542211463735903,0.7112687373262598,0.7112687373262598,3.343278898317831,6.747702195652976,6.747702195652976,2.900008190801262,7.405508145800496,-7.405508145800496,13,Pharmaceutical Products,False,True,False,False,,,,,,
PG,2024,4.9097782091647915,1.4348106384795118,70.77646734018991,-70.77646734018991,3.6317906327743543,26.02943599376635,-26.02943599376635,1.065385822115735,78.3007342342462,-78.3007342342462,3.305199909980521,32.68127868157261,-32.68127868157261,9,Consumer Goods,False,True,False,False,,,,,,
PINS,2024,4.737847097471701,4.457124545610562,5.9251078830919495,-5.9251078830919495,5.157685813557225,8.861381708784268,8.861381708784268,1.307380285150288,72.40560410132363,-72.40560410132363,2.4235926559477776,48.846119216445366,-48.846119216445366,36,Computer Software,False,False,False,True,,,,,,
PLD,2024,14.819463565971118,8.095491104793943,45.372576620229054,-45.372576620229054,10.74279885951129,27.508854745733064,-27.508854745733064,5.5234863663551,62.72816258317009,-62.72816258317009,10.451697299972412,29.473173887535964,-29.473173887535964,48,Trading,False,True,False,False,,,,,,
PLTR,2024,59.98400766426323,4.457124545610562,92.56947856742491,-92.56947856742491,7.694716341264465,87.17205361746984,-87.17205361746984,3.751050202367608,93.7465828836202,-93.7465828836202,6.880301412175514,88.52977371787946,-88.52977371787946,36,Computer Software,False,True,False,False,,,,,,87.17205361746984
PNC,2024,2.719176842334495,2.333556497911287,14.181510316634698,-14.181510316634698,2.0832004756925677,23.38856218324964,-23.38856218324964,3.010131505332068,10.700100797702428,10.700100797702428,2.2414206588044436,17.569882770841907,-17.569882770841907,45,Banking,False,False,True,False,,,,,10.818489683365302,
PSX,2024,0.4624926790916013,1.877999575222661,306.06038973661344,306.06038973661344,0.3553524435428024,23.165823026482702,-23.165823026482702,0.8501223070773846,83.81313813380586,83.81313813380586,0.44380993455805756,4.039576273994044,-4.039576273994044,30,Petroleum and Natural Gas,True,False,False,False,302.0208134626194,,,302.0208134626194,,
PYPL,2024,2.694988520929647,2.7047037130931773,0.360491040614119,0.360491040614119,2.263753755912058,16.001358138209532,-16.001358138209532,2.3798440001711483,11.693724047840778,-11.693724047840778,1.9165157668222985,28.88593951557208,-28.88593951557208,34,Business Services,False,False,False,True,,,,,,
QCOM,2024,4.912623838611982,3.620162976684723,26.308972646528378,-26.308972646528378,4.094990259135612,16.64352098465135,-16.64352098465135,4.268957705845502,13.102288184725769,-13.102288184725769,4.094990259135612,16.64352098465135,-16.64352098465135,37,Electronic Equipment,False,False,True,False,,,,,,
REGN,2024,5.069487959442332,6.357700734883451,25.411102378529538,25.411102378529538,6.62962088157785,30.77496059990918,30.77496059990918,4.707052739563867,7.149345708641053,-7.149345708641053,5.174408544977011,2.069648579384735,2.069648579384735,13,Pharmaceutical Products,True,False,False,False,,,,23.3414537991448,,
ROKU,2024,2.2558880380695068,2.128010524993451,5.668610805059625,-5.668610805059625,2.931304598044966,29.940163189723368,29.940163189723368,0.9126385558487332,59.544155541082155,-59.544155541082155,2.229970340574227,1.1488911265941733,-1.1488911265941733,32,Communication,True,False,False,False,,,,,19.331389194940375,
ROST,2024,2.3872478807664397,0.7957251464330118,66.66767817267724,-66.66767817267724,1.913035802910964,19.864383656012595,-19.864383656012595,1.2791275949094036,46.418316873791404,-46.418316873791404,1.4054322862377273,41.12750931476353,-41.12750931476353,43,Retail,False,True,False,False,,,,,,
RTX,2024,2.373963884268884,4.552690135073525,91.77588021629187,91.77588021629187,2.5393452805767702,6.9664663984060144,6.9664663984060144,2.526960799811809,6.444786989252947,6.444786989252947,2.5393452805767702,6.9664663984060144,6.9664663984060144,24,Aircraft,False,False,True,False,,,,,,
SCHW,2024,3.8911881272356634,8.15080439920685,109.46826862871977,109.46826862871977,2.12149018248291,45.479629534385,-45.479629534385,2.332374739401334,40.06008799532715,-40.06008799532715,2.3608196032827506,39.32908083372728,-39.32908083372728,48,Trading,True,False,False,False,,,,,,
SLB,2024,1.7045272396594011,1.877999575222661,10.177152440105514,10.177152440105514,3.941701437219771,131.2489554586058,131.2489554586058,1.14882140881717,32.60175712728841,-32.60175712728841,1.722641016776556,1.0626862801426624,1.0626862801426624,30,Petroleum and Natural Gas,True,False,False,False,,,,,14.822847559894486,
SNAP,2024,3.5580017842361262,4.516052282565021,26.926644685047023,26.926644685047023,2.953293904545965,16.995716032784028,-16.995716032784028,2.9158726098296075,18.047466340559424,-18.047466340559424,2.331123323186311,34.482232878171985,-34.482232878171985,36,Computer Software,False,True,False,False,,,,,,
SNOW,2024,16.172374762712064,4.457124545610562,72.43988832186132,-72.43988832186132,7.210424091941679,55.41518053015666,-55.41518053015666,5.705295906959752,64.7219657553682,-64.7219657553682,8.617152356096346,46.71683978060825,-46.71683978060825,36,Computer Software,True,False,False,False,,,,,,
SPG,2024,12.894380174101295,8.095491104793943,37.21690383339285,-37.21690383339285,9.2828942590226,28.008216496768572,-28.008216496768572,8.946164751185776,30.619660422651524,-30.619660422651524,9.50583078416887,26.27927317311783,-26.27927317311783,48,Trading,True,False,False,False,,,,,,
T,2024,2.4889331770697094,2.128010524993451,14.501098518891641,-14.501098518891641,3.529158455024723,41.79402193431726,41.79402193431726,2.095129821119357,15.82217472041528,-15.82217472041528,2.6309839540331605,5.707295731044555,5.707295731044555,32,Communication,True,False,False,False,,,,,10.498901481108359,
TFC,2024,3.358648566362924,2.333556497911287,30.52096842515762,-30.52096842515762,2.572511431161874,23.406352872826965,-23.406352872826965,1.8558231859971197,44.744942814699186,-44.744942814699186,2.3154901816248015,31.058872761664297,-31.058872761664297,45,Banking,False,True,False,False,,,,,,
TGT,2024,0.7313800365031999,0.8072018596950613,10.366952802591246,10.366952802591246,1.0064697861257732,37.612422529032166,37.612422529032166,1.0180693860791203,39.198410575521095,39.198410575521095,0.8207864853440108,12.224349090559251,12.224349090559251,43,Retail,False,False,False,True,,,,,14.633047197408754,
TJX,2024,2.610445171398155,0.7957251464330118,69.51764568160527,-69.51764568160527,1.3851257177670064,46.93909939410324,-46.93909939410324,1.2791275949094036,50.99963757429532,-50.99963757429532,0.9122738622022999,65.05293916157274,-65.05293916157274,43,Retail,False,True,False,False,,,,,,
TMUS,2024,4.43424009090909,2.128010524993451,52.00957816072663,-52.00957816072663,2.6546731872703297,40.132398497933394,-40.132398497933394,2.7103439745981386,38.87692323754001,-38.87692323754001,2.562476279929685,42.21160272347056,-42.21160272347056,32,Communication,False,False,True,False,,,,,,
TSLA,2024,13.054718394922716,0.8996033060874845,93.10897961278613,-93.10897961278613,3.815737642527481,70.77119913968033,-70.77119913968033,2.960709154513455,77.32077349393501,-77.32077349393501,3.8907031115847235,70.1969587249166,-70.1969587249166,23,Automobiles and Trucks,True,False,False,False,,,,,,70.1969587249166
TXN,2024,11.35596253436481,3.620162976684723,68.12103803856716,-68.12103803856716,2.939863000878726,74.11172331731221,-74.11172331731221,4.449386448727392,60.81894040013873,-60.81894040013873,3.0545272876949334,73.1019957273416,-73.1019957273416,37,Electronic Equipment,False,False,True,False,,,,,,60.81894040013873
UBER,2024,2.980256604665969,1.4781512593618822,50.40187958823247,-50.40187958823247,2.342746164282985,21.391125830738225,-21.391125830738225,1.4912227144835128,49.96327792214889,-49.96327792214889,2.315091445459375,22.319056626372166,-22.319056626372166,41,Transportation,False,True,False,False,,,,,,
UNH,2024,1.2757456068032718,1.0882517951296231,14.696802456052776,-14.696802456052776,3.8932835320241503,205.1771067258333,205.1771067258333,0.7749010442211219,39.258968238750384,-39.258968238750384,3.07427035739756,140.9783220889141,140.9783220889141,46,Insurance,False,False,False,True,,,,,,
UNP,2024,6.977901758350516,1.4781512593618822,78.81667999133171,-78.81667999133171,4.175562457438357,40.16019998502523,-40.16019998502523,2.1414568077172342,69.31087765524164,-69.31087765524164,4.175562457438357,40.16019998502523,-40.16019998502523,41,Transportation,True,True,False,False,,,,,,
UPS,2024,1.3946501592181837,1.5337119128861914,9.9710850602106,9.9710850602106,1.388204790797768,0.4621494772587933,-0.4621494772587933,1.1274303792051712,19.160344853996303,-19.160344853996303,1.2951635276461375,7.133447116789247,-7.133447116789247,41,Transportation,False,True,False,False,,9.046786105693014,,,15.0289149397894,
USB,2024,2.0278151966660425,2.3487690145729574,15.82756744473556,15.82756744473556,2.014823417947084,0.64067863483411,-0.64067863483411,2.182240883387957,7.615372790173779,7.615372790173779,2.3787232615468508,17.304735927501717,17.304735927501717,45,Banking,False,True,False,False,,,,,9.17243255526444,
V,2024,15.010290597338969,2.333556497911287,84.45362211491774,-84.45362211491774,7.109485887581063,52.63592106043946,-52.63592106043946,2.677058626910759,82.16517788546113,-82.16517788546113,6.191009894049468,58.75489648983202,-58.75489648983202,45,Banking,False,True,False,False,,,,,,52.63592106043946
VLO,2024,0.36665895881394484,1.877999575222661,412.1924693446865,412.1924693446865,0.31685899242874854,13.582094529010671,-13.582094529010671,2.090665763205362,470.1935580595582,470.1935580595582,0.3225846537738508,12.020517699244003,-12.020517699244003,30,Petroleum and Natural Gas,True,False,False,False,400.1719516454425,,,400.1719516454425,,
VRTX,2024,8.992725837333602,6.264651537306513,30.336455813001628,-30.336455813001628,1.3084763841480622,85.44961330060926,-85.44961330060926,29.4446869735713,227.4278289607218,227.4278289607218,3.557116297664179,60.44451524479162,-60.44451524479162,13,Pharmaceutical Products,False,False,False,True,,,,,,
VZ,2024,2.4644118407424993,2.128010524993451,13.650369235675086,-13.650369235675086,3.172116375147915,28.716975089366244,28.716975089366244,1.830219282952931,25.734033058309496,-25.734033058309496,2.436785005313788,1.1210315975590994,-1.1210315975590994,32,Communication,True,False,False,False,,,,,,
WBD,2024,1.6148058289463645,2.1280191178102457,31.781733733197186,31.781733733197186,1.2271723872833078,24.004956801275696,-24.004956801275696,1.2254878133383678,24.109277327913823,-24.109277327913823,1.2997676437437236,19.50935397652103,-19.50935397652103,32,Communication,True,False,False,False,,,,,,
WMT,2024,1.2364231990541588,0.7957251464330118,35.642978306964224,-35.642978306964224,0.5226611282367585,57.72797464196848,-57.72797464196848,0.6417560303539728,48.095762774032025,-48.095762774032025,0.5226611282367585,57.72797464196848,-57.72797464196848,43,Retail,False,False,False,True,,,,,,
XOM,2024,1.4543215120546384,1.877999575222661,29.132352073198593,29.132352073198593,1.4713514009100006,1.1709851442204586,1.1709851442204586,2.57194385781041,76.8483678809657,76.8483678809657,1.7629180439340109,21.219278496636758,21.219278496636758,30,Petroleum and Natural Gas,False,True,False,False,,26.790381784757674,,,,
ZM,2024,4.0385980336659,4.516052282565021,11.82227706048103,11.82227706048103,4.1480274456978625,2.709589097992799,2.709589097992799,3.659680993435155,9.382390549197487,-9.382390549197487,4.1480274456978625,2.709589097992799,2.709589097992799,36,Computer Software,True,True,False,False,,,,,13.17772293951897,
